Workbook

Sheet WS_250kDa_1
A1: Time [s] | B1: Adjusted time [s] | C1: Intensity Region 1 | D1: Intensity Region 2 | E1: Intensity Region 3 | F1: Average Region 1 | G1: Average Region 2 | H1: Average Region 3 | I1: Normalized Region 1 | J1: Normalized Region 2 | K1: Normalized Region 3 | L1: Normalized 2 Region 1 | M1: Normalized 2 Region 2 | R1: R(t) Region 1 | S1: R(t) Region 2
A2: 0 | B2: =A2-$A$12 -> -12.8108 | C2: 2518.079 | D2: 208.661 | E2: 177.1 | F2: =AVERAGE(C2:C11) -> 2421.8745 | G2: =AVERAGE(D2:D11) -> 207.2965 | H2: =AVERAGE(E2:E11) -> 175.1999 | I2: =C2/$F$2 -> 1.0397232 | J2: =D2/$G$2 -> 1.0065824 | K2: =E2/$H$2 -> 1.0108453 | L2: =I2/K2 -> 1.028568 | M2: =J2/K2 -> 0.99578277 | R2: =(L2-$L$12)/($N$12-$L$12) -> 1.4372388 | S2: =(M2-$M$12)/($O$12-$M$12) -> 0.99212467
A3: 0.5031 | B3: =A3-$A$12 -> -12.3077 | C3: 2489.46 | D3: 208.373 | E3: 178.617 | I3: =C3/$F$2 -> 1.0279063 | J3: =D3/$G$2 -> 1.005193 | K3: =E3/$H$2 -> 1.019504 | L3: =I3/K3 -> 1.0082415 | M3: =J3/K3 -> 0.98596282 | R3: =(L3-$L$12)/($N$12-$L$12) -> 1.3689532 | S3: =(M3-$M$12)/($O$12-$M$12) -> 0.94167915
A4: 1.0027 | B4: =A4-$A$12 -> -11.8081 | C4: 2447.921 | D4: 208.593 | E4: 175.183 | I4: =C4/$F$2 -> 1.0107547 | J4: =D4/$G$2 -> 1.0062543 | K4: =E4/$H$2 -> 0.99990354 | L4: =I4/K4 -> 1.0108522 | M4: =J4/K4 -> 1.0063514 | R4: =(L4-$L$12)/($N$12-$L$12) -> 1.3777236 | S4: =(M4-$M$12)/($O$12-$M$12) -> 1.0464162
A5: 1.5032 | B5: =A5-$A$12 -> -11.3076 | C5: 2437.429 | D5: 202.661 | E5: 172.283 | I5: =C5/$F$2 -> 1.0064225 | J5: =D5/$G$2 -> 0.97763831 | K5: =E5/$H$2 -> 0.98335102 | L5: =I5/K5 -> 1.0234621 | M5: =J5/K5 -> 0.99419057 | R5: =(L5-$L$12)/($N$12-$L$12) -> 1.4200859 | S5: =(M5-$M$12)/($O$12-$M$12) -> 0.98394547
A6: 2.0026 | B6: =A6-$A$12 -> -10.8082 | C6: 2412.825 | D6: 204.881 | E6: 180.083 | I6: =C6/$F$2 -> 0.99626343 | J6: =D6/$G$2 -> 0.98834761 | K6: =E6/$H$2 -> 1.0278716 | L6: =I6/K6 -> 0.96924892 | M6: =J6/K6 -> 0.96154774 | R6: =(L6-$L$12)/($N$12-$L$12) -> 1.2379598 | S6: =(M6-$M$12)/($O$12-$M$12) -> 0.81625782
A7: 2.5026 | B7: =A7-$A$12 -> -10.3082 | C7: 2378.333 | D7: 204.831 | E7: 172.633 | I7: =C7/$F$2 -> 0.98202157 | J7: =D7/$G$2 -> 0.98810641 | K7: =E7/$H$2 -> 0.98534874 | L7: =I7/K7 -> 0.99662336 | M7: =J7/K7 -> 1.0027987 | R7: =(L7-$L$12)/($N$12-$L$12) -> 1.3299227 | S7: =(M7-$M$12)/($O$12-$M$12) -> 1.0281657
A8: 3.0026 | B8: =A8-$A$12 -> -9.8082 | C8: 2388.048 | D8: 215.966 | E8: 168.883 | I8: =C8/$F$2 -> 0.98603293 | J8: =D8/$G$2 -> 1.0418217 | K8: =E8/$H$2 -> 0.96394461 | L8: =I8/K8 -> 1.0229145 | M8: =J8/K8 -> 1.08079 | R8: =(L8-$L$12)/($N$12-$L$12) -> 1.4182462 | S8: =(M8-$M$12)/($O$12-$M$12) -> 1.4288108
A9: 3.5027 | B9: =A9-$A$12 -> -9.3081 | C9: 2396.079 | D9: 204.525 | E9: 179.617 | I9: =C9/$F$2 -> 0.98934895 | J9: =D9/$G$2 -> 0.98663026 | K9: =E9/$H$2 -> 1.0252118 | L9: =I9/K9 -> 0.96501911 | M9: =J9/K9 -> 0.96236728 | R9: =(L9-$L$12)/($N$12-$L$12) -> 1.22375 | S9: =(M9-$M$12)/($O$12-$M$12) -> 0.8204678
A10: 4.0027 | B10: =A10-$A$12 -> -8.8081 | C10: 2397.333 | D10: 206.542 | E10: 177.617 | I10: =C10/$F$2 -> 0.98986673 | J10: =D10/$G$2 -> 0.99636029 | K10: =E10/$H$2 -> 1.0137962 | L10: =I10/K10 -> 0.97639614 | M10: =J10/K10 -> 0.98280132 | R10: =(L10-$L$12)/($N$12-$L$12) -> 1.2619705 | S10: =(M10-$M$12)/($O$12-$M$12) -> 0.9254384
A11: 4.5027 | B11: =A11-$A$12 -> -8.3081 | C11: 2353.238 | D11: 207.932 | E11: 169.983 | I11: =C11/$F$2 -> 0.97165976 | J11: =D11/$G$2 -> 1.0030657 | K11: =E11/$H$2 -> 0.97022316 | L11: =I11/K11 -> 1.0014807 | M11: =J11/K11 -> 1.0338505 | R11: =(L11-$L$12)/($N$12-$L$12) -> 1.3462406 | S11: =(M11-$M$12)/($O$12-$M$12) -> 1.1876801
A12: 12.8108 | B12: =A12-$A$12 -> 0 | C12: 1452.444 | D12: 166.102 | E12: 174.9 | I12: =C12/$F$2 -> 0.59971894 | J12: =D12/$G$2 -> 0.8012774 | K12: =E12/$H$2 -> 0.99828824 | L12: =I12/K12 -> 0.60074727 | M12: =J12/K12 -> 0.80265134 | N12: =AVERAGE(L66:L76) -> 0.89841578 | O12: =AVERAGE(M66:M76) -> 0.99731582 | P12: =(N12-L12)/(1-L12) -> 0.74556411 | Q12: =(O12-M12)/(1-M12) -> 0.98639878 | R12: =(L12-$L$12)/($N$12-$L$12) -> 0 | S12: =(M12-$M$12)/($O$12-$M$12) -> 0
A13: 13.3136 | B13: =A13-$A$12 -> 0.5028 | C13: 1563.73 | D13: 169.78 | E13: 170.217 | I13: =C13/$F$2 -> 0.64566929 | J13: =D13/$G$2 -> 0.8190201 | K13: =E13/$H$2 -> 0.97155877 | L13: =I13/K13 -> 0.66457049 | M13: =J13/K13 -> 0.84299594 | R13: =(L13-$L$12)/($N$12-$L$12) -> 0.2144104 | S13: =(M13-$M$12)/($O$12-$M$12) -> 0.20725196
A14: 13.8136 | B14: =A14-$A$12 -> 1.0028 | C14: 1638.667 | D14: 169.881 | E14: 169.817 | I14: =C14/$F$2 -> 0.67661103 | J14: =D14/$G$2 -> 0.81950732 | K14: =E14/$H$2 -> 0.96927567 | L14: =I14/K14 -> 0.69805841 | M14: =J14/K14 -> 0.84548426 | R14: =(L14-$L$12)/($N$12-$L$12) -> 0.3269111 | S14: =(M14-$M$12)/($O$12-$M$12) -> 0.22003461
A15: 14.3136 | B15: =A15-$A$12 -> 1.5028 | C15: 1684.794 | D15: 175.322 | E15: 173.8 | I15: =C15/$F$2 -> 0.69565702 | J15: =D15/$G$2 -> 0.84575475 | K15: =E15/$H$2 -> 0.9920097 | L15: =I15/K15 -> 0.7012603 | M15: =J15/K15 -> 0.85256702 | R15: =(L15-$L$12)/($N$12-$L$12) -> 0.33766767 | S15: =(M15-$M$12)/($O$12-$M$12) -> 0.25641903
A16: 14.8137 | B16: =A16-$A$12 -> 2.0029 | C16: 1736.619 | D16: 178.814 | E16: 172.017 | I16: =C16/$F$2 -> 0.71705574 | J16: =D16/$G$2 -> 0.86260019 | K16: =E16/$H$2 -> 0.98183275 | L16: =I16/K16 -> 0.73032371 | M16: =J16/K16 -> 0.87856123 | R16: =(L16-$L$12)/($N$12-$L$12) -> 0.43530449 | S16: =(M16-$M$12)/($O$12-$M$12) -> 0.38995243
A17: 15.3137 | B17: =A17-$A$12 -> 2.5029 | C17: 1780.222 | D17: 177.949 | E17: 173.067 | I17: =C17/$F$2 -> 0.73505956 | J17: =D17/$G$2 -> 0.85842742 | K17: =E17/$H$2 -> 0.98782591 | L17: =I17/K17 -> 0.74411853 | M17: =J17/K17 -> 0.86900679 | R17: =(L17-$L$12)/($N$12-$L$12) -> 0.48164738 | S17: =(M17-$M$12)/($O$12-$M$12) -> 0.34087087
A18: 15.8133 | B18: =A18-$A$12 -> 3.0025 | C18: 1812.81 | D18: 181.847 | E18: 175.983 | I18: =C18/$F$2 -> 0.74851525 | J18: =D18/$G$2 -> 0.87723141 | K18: =E18/$H$2 -> 1.0044698 | L18: =I18/K18 -> 0.74518446 | M18: =J18/K18 -> 0.87332785 | R18: =(L18-$L$12)/($N$12-$L$12) -> 0.48522833 | S18: =(M18-$M$12)/($O$12-$M$12) -> 0.36306832
A19: 16.3135 | B19: =A19-$A$12 -> 3.5027 | C19: 1824.444 | D19: 182.017 | E19: 164.3 | I19: =C19/$F$2 -> 0.75331897 | J19: =D19/$G$2 -> 0.87805149 | K19: =E19/$H$2 -> 0.93778592 | L19: =I19/K19 -> 0.80329524 | M19: =J19/K19 -> 0.93630269 | R19: =(L19-$L$12)/($N$12-$L$12) -> 0.6804481 | S19: =(M19-$M$12)/($O$12-$M$12) -> 0.68657289
A20: 16.8135 | B20: =A20-$A$12 -> 4.0027 | C20: 1871.254 | D20: 183 | E20: 168.2 | I20: =C20/$F$2 -> 0.77264697 | J20: =D20/$G$2 -> 0.88279349 | K20: =E20/$H$2 -> 0.96004621 | L20: =I20/K20 -> 0.80480186 | M20: =J20/K20 -> 0.91953229 | R20: =(L20-$L$12)/($N$12-$L$12) -> 0.68550949 | S20: =(M20-$M$12)/($O$12-$M$12) -> 0.60042257
A21: 17.3135 | B21: =A21-$A$12 -> 4.5027 | C21: 1896.794 | D21: 187.61 | E21: 170.117 | I21: =C21/$F$2 -> 0.78319252 | J21: =D21/$G$2 -> 0.90503216 | K21: =E21/$H$2 -> 0.970988 | L21: =I21/K21 -> 0.80659341 | M21: =J21/K21 -> 0.93207348 | R21: =(L21-$L$12)/($N$12-$L$12) -> 0.69152812 | S21: =(M21-$M$12)/($O$12-$M$12) -> 0.66484725
A22: 17.8136 | B22: =A22-$A$12 -> 5.0028 | C22: 1895.048 | D22: 187.085 | E22: 170.8 | I22: =C22/$F$2 -> 0.78247159 | J22: =D22/$G$2 -> 0.90249956 | K22: =E22/$H$2 -> 0.9748864 | L22: =I22/K22 -> 0.80262848 | M22: =J22/K22 -> 0.92574843 | R22: =(L22-$L$12)/($N$12-$L$12) -> 0.67820817 | S22: =(M22-$M$12)/($O$12-$M$12) -> 0.63235519
A23: 18.3136 | B23: =A23-$A$12 -> 5.5028 | C23: 1917.651 | D23: 183.729 | E23: 166.75 | I23: =C23/$F$2 -> 0.79180445 | J23: =D23/$G$2 -> 0.88631019 | K23: =E23/$H$2 -> 0.95176995 | L23: =I23/K23 -> 0.8319284 | M23: =J23/K23 -> 0.93122313 | R23: =(L23-$L$12)/($N$12-$L$12) -> 0.77663952 | S23: =(M23-$M$12)/($O$12-$M$12) -> 0.66047893
A24: 18.8132 | B24: =A24-$A$12 -> 6.0024 | C24: 1934.063 | D24: 179.881 | E24: 162.883 | I24: =C24/$F$2 -> 0.79858102 | J24: =D24/$G$2 -> 0.86774741 | K24: =E24/$H$2 -> 0.92969802 | L24: =I24/K24 -> 0.85896818 | M24: =J24/K24 -> 0.9333648 | R24: =(L24-$L$12)/($N$12-$L$12) -> 0.86747811 | S24: =(M24-$M$12)/($O$12-$M$12) -> 0.6714808
... A76: 44.8135 | B76: =A76-$A$12 -> 32.0027 | C76: 1973.508 | D76: 188.475 | E76: 160.533 | I76: =C76/$F$2 -> 0.81486799 | J76: =D76/$G$2 -> 0.90920493 | K76: =E76/$H$2 -> 0.91628477 | L76: =I76/K76 -> 0.8893174 | M76: =J76/K76 -> 0.99227332 | R76: =(L76-$L$12)/($N$12-$L$12) -> 0.96943453 | S76: =(M76-$M$12)/($O$12-$M$12) -> 0.97409647

Sheet WS_250kDa_2
A1: Time [s] | B1: Adjusted time [s] | C1: Intensity Region 1 | D1: Intensity Region 2 | E1: Intensity Region 3 | F1: Average Region 1 | G1: Average Region 2 | H1: Average Region 3 | I1: Normalized Region 1 | J1: Normalized Region 2 | K1: Normalized Region 3 | L1: Normalized 2 Region 1 | M1: Normalized 2 Region 2 | R1: R(t) Region 1 | S1: R(t) Region 2
A2: 0 | B2: =A2-$A$12 -> -12.8226 | C2: 2469.556 | D2: 142.339 | E2: 140.679 | F2: =AVERAGE(C2:C11) -> 2398.3492 | G2: =AVERAGE(D2:D11) -> 137.5304 | H2: =AVERAGE(E2:E11) -> 137.0877 | I2: =C2/$F$2 -> 1.0296899 | J2: =D2/$G$2 -> 1.0349639 | K2: =E2/$H$2 -> 1.0261971 | L2: =I2/K2 -> 1.0034037 | M2: =J2/K2 -> 1.008543 | R2: =(L2-$L$12)/($N$12-$L$12) -> 1.4261205 | S2: =(M2-$M$12)/($O$12-$M$12) -> 1.1907054
A3: 0.5028 | B3: =A3-$A$12 -> -12.3198 | C3: 2468.587 | D3: 136.729 | E3: 136.5 | I3: =C3/$F$2 -> 1.0292859 | J3: =D3/$G$2 -> 0.99417292 | K3: =E3/$H$2 -> 0.99571296 | L3: =I3/K3 -> 1.0337175 | M3: =J3/K3 -> 0.99845333 | R3: =(L3-$L$12)/($N$12-$L$12) -> 1.5443929 | S3: =(M3-$M$12)/($O$12-$M$12) -> 1.1032204
A4: 1.003 | B4: =A4-$A$12 -> -11.8196 | C4: 2451.921 | D4: 138.525 | E4: 134.304 | I4: =C4/$F$2 -> 1.0223369 | J4: =D4/$G$2 -> 1.0072319 | K4: =E4/$H$2 -> 0.97969402 | L4: =I4/K4 -> 1.0435268 | M4: =J4/K4 -> 1.0281086 | R4: =(L4-$L$12)/($N$12-$L$12) -> 1.5826649 | S4: =(M4-$M$12)/($O$12-$M$12) -> 1.3603537
A5: 1.5026 | B5: =A5-$A$12 -> -11.32 | C5: 2440.952 | D5: 141.102 | E5: 139.679 | I5: =C5/$F$2 -> 1.0177634 | J5: =D5/$G$2 -> 1.0259695 | K5: =E5/$H$2 -> 1.0189025 | L5: =I5/K5 -> 0.99888202 | M5: =J5/K5 -> 1.0069359 | R5: =(L5-$L$12)/($N$12-$L$12) -> 1.4084788 | S5: =(M5-$M$12)/($O$12-$M$12) -> 1.1767708
A6: 2.0028 | B6: =A6-$A$12 -> -10.8198 | C6: 2382.556 | D6: 135.559 | E6: 139.929 | I6: =C6/$F$2 -> 0.99341497 | J6: =D6/$G$2 -> 0.98566571 | K6: =E6/$H$2 -> 1.0207261 | L6: =I6/K6 -> 0.97324338 | M6: =J6/K6 -> 0.96565148 | R6: =(L6-$L$12)/($N$12-$L$12) -> 1.3084471 | S6: =(M6-$M$12)/($O$12-$M$12) -> 0.81880384
A7: 2.5028 | B7: =A7-$A$12 -> -10.3198 | C7: 2392.524 | D7: 137.576 | E7: 140.5 | I7: =C7/$F$2 -> 0.99757116 | J7: =D7/$G$2 -> 1.0003316 | K7: =E7/$H$2 -> 1.0248914 | L7: =I7/K7 -> 0.97334332 | M7: =J7/K7 -> 0.97603668 | R7: =(L7-$L$12)/($N$12-$L$12) -> 1.308837 | S7: =(M7-$M$12)/($O$12-$M$12) -> 0.90885126
A8: 3.0029 | B8: =A8-$A$12 -> -9.8197 | C8: 2373.317 | D8: 136.288 | E8: 139.125 | I8: =C8/$F$2 -> 0.98956274 | J8: =D8/$G$2 -> 0.99096636 | K8: =E8/$H$2 -> 1.0148613 | L8: =I8/K8 -> 0.97507191 | M8: =J8/K8 -> 0.97645498 | R8: =(L8-$L$12)/($N$12-$L$12) -> 1.3155812 | S8: =(M8-$M$12)/($O$12-$M$12) -> 0.91247825
A9: 3.5024 | B9: =A9-$A$12 -> -9.3202 | C9: 2356.254 | D9: 135.407 | E9: 134.161 | I9: =C9/$F$2 -> 0.98244826 | J9: =D9/$G$2 -> 0.9845605 | K9: =E9/$H$2 -> 0.97865089 | L9: =I9/K9 -> 1.0038802 | M9: =J9/K9 -> 1.0060385 | R9: =(L9-$L$12)/($N$12-$L$12) -> 1.4279798 | S9: =(M9-$M$12)/($O$12-$M$12) -> 1.1689897
A10: 4.0026 | B10: =A10-$A$12 -> -8.82 | C10: 2340.857 | D10: 134.508 | E10: 131.286 | I10: =C10/$F$2 -> 0.97602843 | J10: =D10/$G$2 -> 0.97802377 | K10: =E10/$H$2 -> 0.95767892 | L10: =I10/K10 -> 1.0191604 | M10: =J10/K10 -> 1.0212439 | R10: =(L10-$L$12)/($N$12-$L$12) -> 1.487597 | S10: =(M10-$M$12)/($O$12-$M$12) -> 1.3008317
A11: 4.5027 | B11: =A11-$A$12 -> -8.3199 | C11: 2306.968 | D11: 137.271 | E11: 134.714 | I11: =C11/$F$2 -> 0.96189829 | J11: =D11/$G$2 -> 0.99811387 | K11: =E11/$H$2 -> 0.98268481 | L11: =I11/K11 -> 0.97884722 | M11: =J11/K11 -> 1.0157009 | R11: =(L11-$L$12)/($N$12-$L$12) -> 1.330311 | S11: =(M11-$M$12)/($O$12-$M$12) -> 1.2527699
A12: 12.8226 | B12: =A12-$A$12 -> 0 | C12: 1394.968 | D12: 109.254 | E12: 125 | I12: =C12/$F$2 -> 0.58163674 | J12: =D12/$G$2 -> 0.79439891 | K12: =E12/$H$2 -> 0.91182506 | L12: =I12/K12 -> 0.63788194 | M12: =J12/K12 -> 0.87121856 | N12: =AVERAGE(L66:L76) -> 0.89418688 | O12: =AVERAGE(M66:M76) -> 0.98654889 | P12: =(N12-L12)/(1-L12) -> 0.70779386 | Q12: =(O12-M12)/(1-M12) -> 0.89555089 | R12: =(L12-$L$12)/($N$12-$L$12) -> 0 | S12: =(M12-$M$12)/($O$12-$M$12) -> 0
A13: 13.3257 | B13: =A13-$A$12 -> 0.5031 | C13: 1465.857 | D13: 113.559 | E13: 126.179 | I13: =C13/$F$2 -> 0.61119415 | J13: =D13/$G$2 -> 0.82570108 | K13: =E13/$H$2 -> 0.92042539 | L13: =I13/K13 -> 0.66403443 | M13: =J13/K13 -> 0.89708638 | R13: =(L13-$L$12)/($N$12-$L$12) -> 0.10203662 | S13: =(M13-$M$12)/($O$12-$M$12) -> 0.2242933
A14: 13.8251 | B14: =A14-$A$12 -> 1.0025 | C14: 1530 | D14: 108.525 | E14: 121.321 | I14: =C14/$F$2 -> 0.6379388 | J14: =D14/$G$2 -> 0.78909826 | K14: =E14/$H$2 -> 0.88498822 | L14: =I14/K14 -> 0.72084439 | M14: =J14/K14 -> 0.89164832 | R14: =(L14-$L$12)/($N$12-$L$12) -> 0.32368651 | S14: =(M14-$M$12)/($O$12-$M$12) -> 0.1771413
A15: 14.3253 | B15: =A15-$A$12 -> 1.5027 | C15: 1572.238 | D15: 114.966 | E15: 125.446 | I15: =C15/$F$2 -> 0.65555008 | J15: =D15/$G$2 -> 0.83593155 | K15: =E15/$H$2 -> 0.91507845 | L15: =I15/K15 -> 0.71638675 | M15: =J15/K15 -> 0.91350807 | R15: =(L15-$L$12)/($N$12-$L$12) -> 0.30629457 | S15: =(M15-$M$12)/($O$12-$M$12) -> 0.36668159
A16: 14.8249 | B16: =A16-$A$12 -> 2.0023 | C16: 1631.492 | D16: 112.695 | E16: 125.071 | I16: =C16/$F$2 -> 0.68025624 | J16: =D16/$G$2 -> 0.81941883 | K16: =E16/$H$2 -> 0.91234297 | L16: =I16/K16 -> 0.74561459 | M16: =J16/K16 -> 0.8981478 | R16: =(L16-$L$12)/($N$12-$L$12) -> 0.42033 | S16: =(M16-$M$12)/($O$12-$M$12) -> 0.2334966
A17: 15.3257 | B17: =A17-$A$12 -> 2.5031 | C17: 1662.73 | D17: 117.831 | E17: 126.25 | I17: =C17/$F$2 -> 0.69328103 | J17: =D17/$G$2 -> 0.8567633 | K17: =E17/$H$2 -> 0.92094331 | L17: =I17/K17 -> 0.75279447 | M17: =J17/K17 -> 0.93031058 | R17: =(L17-$L$12)/($N$12-$L$12) -> 0.44834301 | S17: =(M17-$M$12)/($O$12-$M$12) -> 0.51237191
A18: 15.8251 | B18: =A18-$A$12 -> 3.0025 | C18: 1702.556 | D18: 115.068 | E18: 120.857 | I18: =C18/$F$2 -> 0.70988662 | J18: =D18/$G$2 -> 0.8366732 | K18: =E18/$H$2 -> 0.88160353 | L18: =I18/K18 -> 0.80522207 | M18: =J18/K18 -> 0.94903568 | R18: =(L18-$L$12)/($N$12-$L$12) -> 0.65289467 | S18: =(M18-$M$12)/($O$12-$M$12) -> 0.67473245
A19: 16.3258 | B19: =A19-$A$12 -> 3.5032 | C19: 1745.937 | D19: 117.864 | E19: 122.786 | I19: =C19/$F$2 -> 0.72797448 | J19: =D19/$G$2 -> 0.85700325 | K19: =E19/$H$2 -> 0.89567481 | L19: =I19/K19 -> 0.81276649 | M19: =J19/K19 -> 0.95682411 | R19: =(L19-$L$12)/($N$12-$L$12) -> 0.68233001 | S19: =(M19-$M$12)/($O$12-$M$12) -> 0.74226393
A20: 16.8253 | B20: =A20-$A$12 -> 4.0027 | C20: 1732.714 | D20: 122.593 | E20: 126.0804 | I20: =C20/$F$2 -> 0.7224611 | J20: =D20/$G$2 -> 0.89138838 | K20: =E20/$H$2 -> 0.91970614 | L20: =I20/K20 -> 0.78553471 | M20: =J20/K20 -> 0.96920998 | R20: =(L20-$L$12)/($N$12-$L$12) -> 0.57608242 | S20: =(M20-$M$12)/($O$12-$M$12) -> 0.84965872
A21: 17.3255 | B21: =A21-$A$12 -> 4.5029 | C21: 1786.286 | D21: 121.034 | E21: 125.714 | I21: =C21/$F$2 -> 0.74479813 | J21: =D21/$G$2 -> 0.8800527 | K21: =E21/$H$2 -> 0.9170334 | L21: =I21/K21 -> 0.81218212 | M21: =J21/K21 -> 0.95967355 | R21: =(L21-$L$12)/($N$12-$L$12) -> 0.68005001 | S21: =(M21-$M$12)/($O$12-$M$12) -> 0.76697074
A22: 17.8251 | B22: =A22-$A$12 -> 5.0025 | C22: 1767.206 | D22: 118.458 | E22: 123.732 | I22: =C22/$F$2 -> 0.73684266 | J22: =D22/$G$2 -> 0.8613223 | K22: =E22/$H$2 -> 0.9025755 | L22: =I22/K22 -> 0.81637786 | M22: =J22/K22 -> 0.9542939 | R22: =(L22-$L$12)/($N$12-$L$12) -> 0.69642013 | S22: =(M22-$M$12)/($O$12-$M$12) -> 0.72032515
A23: 18.3253 | B23: =A23-$A$12 -> 5.5027 | C23: 1830.698 | D23: 122.831 | E23: 126.836 | I23: =C23/$F$2 -> 0.76331587 | J23: =D23/$G$2 -> 0.8931189 | K23: =E23/$H$2 -> 0.92521794 | L23: =I23/K23 -> 0.82501196 | M23: =J23/K23 -> 0.96530651 | R23: =(L23-$L$12)/($N$12-$L$12) -> 0.73010695 | S23: =(M23-$M$12)/($O$12-$M$12) -> 0.81581269
A24: 18.8249 | B24: =A24-$A$12 -> 6.0023 | C24: 1825.619 | D24: 118.203 | E24: 123.107 | I24: =C24/$F$2 -> 0.76119816 | J24: =D24/$G$2 -> 0.85946816 | K24: =E24/$H$2 -> 0.89801638 | L24: =I24/K24 -> 0.84764396 | M24: =J24/K24 -> 0.95707404 | R24: =(L24-$L$12)/($N$12-$L$12) -> 0.81840803 | S24: =(M24-$M$12)/($O$12-$M$12) -> 0.74443102
... A76: 44.8251 | B76: =A76-$A$12 -> 32.0025 | C76: 1901.825 | D76: 121.441 | E76: 122.232 | I76: =C76/$F$2 -> 0.79297252 | J76: =D76/$G$2 -> 0.88301205 | K76: =E76/$H$2 -> 0.8916336 | L76: =I76/K76 -> 0.88934795 | M76: =J76/K76 -> 0.99033061 | R76: =(L76-$L$12)/($N$12-$L$12) -> 0.98112041 | S76: =(M76-$M$12)/($O$12-$M$12) -> 1.0327903

Sheet WS_250kDa_3
A1: Time [s] | B1: Adjusted time [s] | C1: Intensity Region 1 | D1: Intensity Region 2 | E1: Intensity Region 3 | F1: Average Region 1 | G1: Average Region 2 | H1: Average Region 3 | I1: Normalized Region 1 | J1: Normalized Region 2 | K1: Normalized Region 3 | L1: Normalized 2 Region 1 | M1: Normalized 2 Region 2 | R1: R(t) Region 1 | S1: R(t) Region 2
A2: 0 | B2: =A2-$A$12 -> -12.8233 | C2: 2670.032 | D2: 127.966 | E2: 118.328 | F2: =AVERAGE(WS_250kDa_3!C2:C11) -> 2613.7238 | G2: =AVERAGE(D2:D11) -> 126.4712 | H2: =AVERAGE(E2:E11) -> 121.8432 | I2: =WS_250kDa_3!C2/$F$2 -> 1.0215433 | J2: =D2/$G$2 -> 1.0118193 | K2: =E2/$H$2 -> 0.97114981 | L2: =I2/K2 -> 1.0518905 | M2: =J2/K2 -> 1.0418777 | R2: =(L2-$L$12)/($N$12-$L$12) -> 1.9669348 | S2: =(M2-$M$12)/($O$12-$M$12) -> 1.3801261
A3: 0.5031 | B3: =A3-$A$12 -> -12.3202 | C3: 2637.603 | D3: 125.085 | E3: 122.224 | I3: =WS_250kDa_3!C3/$F$2 -> 1.0091361 | J3: =D3/$G$2 -> 0.9890394 | K3: =E3/$H$2 -> 1.0031253 | L3: =I3/K3 -> 1.005992 | M3: =J3/K3 -> 0.98595796 | R3: =(L3-$L$12)/($N$12-$L$12) -> 1.7431294 | S3: =(M3-$M$12)/($O$12-$M$12) -> 1.0031706
A4: 1.0027 | B4: =A4-$A$12 -> -11.8206 | C4: 2669.714 | D4: 132.237 | E4: 119.793 | I4: =WS_250kDa_3!C4/$F$2 -> 1.0214216 | J4: =D4/$G$2 -> 1.0455898 | K4: =E4/$H$2 -> 0.98317346 | L4: =I4/K4 -> 1.0389028 | M4: =J4/K4 -> 1.0634846 | R4: =(L4-$L$12)/($N$12-$L$12) -> 1.9036052 | S4: =(M4-$M$12)/($O$12-$M$12) -> 1.5257787
A5: 1.5029 | B5: =A5-$A$12 -> -11.3204 | C5: 2631.206 | D5: 127.627 | E5: 122.966 | I5: =WS_250kDa_3!C5/$F$2 -> 1.0066886 | J5: =D5/$G$2 -> 1.0091388 | K5: =E5/$H$2 -> 1.0092151 | L5: =I5/K5 -> 0.99749657 | M5: =J5/K5 -> 0.99992441 | R5: =(L5-$L$12)/($N$12-$L$12) -> 1.7017047 | S5: =(M5-$M$12)/($O$12-$M$12) -> 1.0973187
A6: 2.0025 | B6: =A6-$A$12 -> -10.8208 | C6: 2630.413 | D6: 122.831 | E6: 117.897 | I6: =WS_250kDa_3!C6/$F$2 -> 1.0063852 | J6: =D6/$G$2 -> 0.97121716 | K6: =E6/$H$2 -> 0.96761247 | L6: =I6/K6 -> 1.0400705 | M6: =J6/K6 -> 1.0037253 | R6: =(L6-$L$12)/($N$12-$L$12) -> 1.9092994 | S6: =(M6-$M$12)/($O$12-$M$12) -> 1.1229408
A7: 2.5027 | B7: =A7-$A$12 -> -10.3206 | C7: 2603.444 | D7: 127.458 | E7: 122.259 | I7: =WS_250kDa_3!C7/$F$2 -> 0.99606699 | J7: =D7/$G$2 -> 1.0078026 | K7: =E7/$H$2 -> 1.0034126 | L7: =I7/K7 -> 0.99267939 | M7: =J7/K7 -> 1.0043751 | R7: =(L7-$L$12)/($N$12-$L$12) -> 1.6782157 | S7: =(M7-$M$12)/($O$12-$M$12) -> 1.1273205
A8: 3.0027 | B8: =A8-$A$12 -> -9.8206 | C8: 2580.381 | D8: 125.034 | E8: 119.879 | I8: =WS_250kDa_3!C8/$F$2 -> 0.98724318 | J8: =D8/$G$2 -> 0.98863615 | K8: =E8/$H$2 -> 0.98387928 | L8: =I8/K8 -> 1.003419 | M8: =J8/K8 -> 1.0048348 | R8: =(L8-$L$12)/($N$12-$L$12) -> 1.7305831 | S8: =(M8-$M$12)/($O$12-$M$12) -> 1.1304197
A9: 3.5028 | B9: =A9-$A$12 -> -9.3205 | C9: 2604.048 | D9: 126.61 | E9: 124.655 | I9: =WS_250kDa_3!C9/$F$2 -> 0.99629808 | J9: =D9/$G$2 -> 1.0010975 | K9: =E9/$H$2 -> 1.0230772 | L9: =I9/K9 -> 0.97382493 | M9: =J9/K9 -> 0.97851607 | R9: =(L9-$L$12)/($N$12-$L$12) -> 1.5862796 | S9: =(M9-$M$12)/($O$12-$M$12) -> 0.95300477
A10: 4.0028 | B10: =A10-$A$12 -> -8.8205 | C10: 2576.746 | D10: 124.966 | E10: 123.362 | I10: =WS_250kDa_3!C10/$F$2 -> 0.98585245 | J10: =D10/$G$2 -> 0.98809848 | K10: =E10/$H$2 -> 1.0124652 | L10: =I10/K10 -> 0.97371489 | M10: =J10/K10 -> 0.97593327 | R10: =(L10-$L$12)/($N$12-$L$12) -> 1.585743 | S10: =(M10-$M$12)/($O$12-$M$12) -> 0.93559408
A11: 4.5028 | B11: =A11-$A$12 -> -8.3205 | C11: 2533.651 | D11: 124.898 | E11: 127.069 | I11: =WS_250kDa_3!C11/$F$2 -> 0.96936448 | J11: =D11/$G$2 -> 0.9875608 | K11: =E11/$H$2 -> 1.0428895 | L11: =I11/K11 -> 0.92949869 | M11: =J11/K11 -> 0.94694669 | R11: =(L11-$L$12)/($N$12-$L$12) -> 1.3701407 | S11: =(M11-$M$12)/($O$12-$M$12) -> 0.74019513
A12: 12.8233 | B12: =A12-$A$12 -> 0 | C12: 1630.286 | D12: 101.831 | E12: 117.19 | I12: =WS_250kDa_3!C12/$F$2 -> 0.62374073 | J12: =D12/$G$2 -> 0.80517145 | K12: =E12/$H$2 -> 0.96180993 | L12: =I12/K12 -> 0.64850727 | M12: =J12/K12 -> 0.83714196 | N12: =AVERAGE(L66:L76) -> 0.85358944 | O12: =AVERAGE(M66:M76) -> 0.98548761 | P12: =(N12-L12)/(1-L12) -> 0.58346063 | Q12: =(O12-M12)/(1-M12) -> 0.91088932 | R12: =(L12-$L$12)/($N$12-$L$12) -> 0 | S12: =(M12-$M$12)/($O$12-$M$12) -> 0
A13: 13.3261 | B13: =A13-$A$12 -> 0.5028 | C13: 1690 | D13: 100.898 | E13: 114.207 | I13: =WS_250kDa_3!C13/$F$2 -> 0.64658706 | J13: =D13/$G$2 -> 0.79779428 | K13: =E13/$H$2 -> 0.93732765 | L13: =I13/K13 -> 0.68981969 | M13: =J13/K13 -> 0.85113704 | R13: =(L13-$L$12)/($N$12-$L$12) -> 0.20144324 | S13: =(M13-$M$12)/($O$12-$M$12) -> 0.094341018
A14: 13.8263 | B14: =A14-$A$12 -> 1.003 | C14: 1724.254 | D14: 105.153 | E14: 114.362 | I14: =WS_250kDa_3!C14/$F$2 -> 0.6596925 | J14: =D14/$G$2 -> 0.8314383 | K14: =E14/$H$2 -> 0.93859977 | L14: =I14/K14 -> 0.7028475 | M14: =J14/K14 -> 0.88582837 | R14: =(L14-$L$12)/($N$12-$L$12) -> 0.26496809 | S14: =(M14-$M$12)/($O$12-$M$12) -> 0.3281957
A15: 14.3259 | B15: =A15-$A$12 -> 1.5026 | C15: 1742.476 | D15: 106.356 | E15: 114.914 | I15: =WS_250kDa_3!C15/$F$2 -> 0.66666417 | J15: =D15/$G$2 -> 0.84095035 | K15: =E15/$H$2 -> 0.94313019 | L15: =I15/K15 -> 0.70686335 | M15: =J15/K15 -> 0.89165882 | R15: =(L15-$L$12)/($N$12-$L$12) -> 0.28454977 | S15: =(M15-$M$12)/($O$12-$M$12) -> 0.36749888
A16: 14.8261 | B16: =A16-$A$12 -> 2.0028 | C16: 1779.222 | D16: 108.169 | E16: 114.862 | I16: =WS_250kDa_3!C16/$F$2 -> 0.68072304 | J16: =D16/$G$2 -> 0.85528563 | K16: =E16/$H$2 -> 0.94270341 | L16: =I16/K16 -> 0.72209672 | M16: =J16/K16 -> 0.90726905 | R16: =(L16-$L$12)/($N$12-$L$12) -> 0.35882908 | S16: =(M16-$M$12)/($O$12-$M$12) -> 0.47272767
A17: 15.3257 | B17: =A17-$A$12 -> 2.5024 | C17: 1818.746 | D17: 110.39 | E17: 116.872 | I17: =WS_250kDa_3!C17/$F$2 -> 0.69584476 | J17: =D17/$G$2 -> 0.87284694 | K17: =E17/$H$2 -> 0.95920002 | L17: =I17/K17 -> 0.72544281 | M17: =J17/K17 -> 0.90997385 | R17: =(L17-$L$12)/($N$12-$L$12) -> 0.37514494 | S17: =(M17-$M$12)/($O$12-$M$12) -> 0.49096077
A18: 15.8265 | B18: =A18-$A$12 -> 3.0032 | C18: 1839.857 | D18: 109.864 | E18: 116.21 | I18: =WS_250kDa_3!C18/$F$2 -> 0.70392174 | J18: =D18/$G$2 -> 0.86868789 | K18: =E18/$H$2 -> 0.95376681 | L18: =I18/K18 -> 0.73804386 | M18: =J18/K18 -> 0.91079694 | R18: =(L18-$L$12)/($N$12-$L$12) -> 0.43658886 | S18: =(M18-$M$12)/($O$12-$M$12) -> 0.4965092
A19: 16.3259 | B19: =A19-$A$12 -> 3.5026 | C19: 1858.016 | D19: 108.237 | E19: 114 | I19: =WS_250kDa_3!C19/$F$2 -> 0.7108693 | J19: =D19/$G$2 -> 0.8558233 | K19: =E19/$H$2 -> 0.93562874 | L19: =I19/K19 -> 0.7597771 | M19: =J19/K19 -> 0.91470395 | R19: =(L19-$L$12)/($N$12-$L$12) -> 0.54256221 | S19: =(M19-$M$12)/($O$12-$M$12) -> 0.52284637
A20: 16.826 | B20: =A20-$A$12 -> 4.0027 | C20: 1852.984 | D20: 110.356 | E20: 114.655 | I20: =WS_250kDa_3!C20/$F$2 -> 0.70894407 | J20: =D20/$G$2 -> 0.8725781 | K20: =E20/$H$2 -> 0.9410045 | L20: =I20/K20 -> 0.75339073 | M20: =J20/K20 -> 0.92728366 | R20: =(L20-$L$12)/($N$12-$L$12) -> 0.51142166 | S20: =(M20-$M$12)/($O$12-$M$12) -> 0.60764643
A21: 17.326 | B21: =A21-$A$12 -> 4.5027 | C21: 1848.175 | D21: 113.254 | E21: 114.103 | I21: =WS_250kDa_3!C21/$F$2 -> 0.70710417 | J21: =D21/$G$2 -> 0.89549241 | K21: =E21/$H$2 -> 0.93647409 | L21: =I21/K21 -> 0.75507072 | M21: =J21/K21 -> 0.95623832 | R21: =(L21-$L$12)/($N$12-$L$12) -> 0.51961345 | S21: =(M21-$M$12)/($O$12-$M$12) -> 0.80283016
A22: 17.826 | B22: =A22-$A$12 -> 5.0027 | C22: 1880.048 | D22: 110.763 | E22: 117.293 | I22: =WS_250kDa_3!C22/$F$2 -> 0.71929865 | J22: =D22/$G$2 -> 0.87579623 | K22: =E22/$H$2 -> 0.96265528 | L22: =I22/K22 -> 0.74720273 | M22: =J22/K22 -> 0.90977138 | R22: =(L22-$L$12)/($N$12-$L$12) -> 0.48124835 | S22: =(M22-$M$12)/($O$12-$M$12) -> 0.48959592
A23: 18.326 | B23: =A23-$A$12 -> 5.5027 | C23: 1901.968 | D23: 108.492 | E23: 114.793 | I23: =WS_250kDa_3!C23/$F$2 -> 0.72768515 | J23: =D23/$G$2 -> 0.85783957 | K23: =E23/$H$2 -> 0.94213711 | L23: =I23/K23 -> 0.77237713 | M23: =J23/K23 -> 0.91052519 | R23: =(L23-$L$12)/($N$12-$L$12) -> 0.6040011 | S23: =(M23-$M$12)/($O$12-$M$12) -> 0.49467735
A24: 18.8261 | B24: =A24-$A$12 -> 6.0028 | C24: 1875.063 | D24: 107.322 | E24: 110.828 | I24: =WS_250kDa_3!C24/$F$2 -> 0.71739141 | J24: =D24/$G$2 -> 0.84858845 | K24: =E24/$H$2 -> 0.90959528 | L24: =I24/K24 -> 0.78869297 | M24: =J24/K24 -> 0.9329297 | R24: =(L24-$L$12)/($N$12-$L$12) -> 0.68355871 | S24: =(M24-$M$12)/($O$12-$M$12) -> 0.64570642
... A76: 44.8262 | B76: =A76-$A$12 -> 32.0029 | C76: 1951.159 | D76: 103.492 | E76: 102.948 | I76: =WS_250kDa_3!C76/$F$2 -> 0.74650543 | J76: =D76/$G$2 -> 0.81830488 | K76: =E76/$H$2 -> 0.844922 | L76: =I76/K76 -> 0.88351993 | M76: =J76/K76 -> 0.96849754 | R76: =(L76-$L$12)/($N$12-$L$12) -> 1.1459439 | S76: =(M76-$M$12)/($O$12-$M$12) -> 0.88546974

Sheet WS_40kDa_1
A1: Time [s] | B1: Adjusted time [s] | C1: Intensity Region 1 | D1: Intensity Region 2 | E1: Intensity Region 3 | F1: Average Region 1 | G1: Average Region 2 | H1: Average Region 3 | I1: Normalized Region 1 | J1: Normalized Region 2 | K1: Normalized Region 3 | L1: Normalized 2 Region 1 | M1: Normalized 2 Region 2 | R1: R(t) Region 1 | S1: R(t) Region 2
A2: 0 | B2: =A2-$A$12 -> -7.5106 | C2: 1856.31 | D2: 164.5 | E2: 169.639 | F2: =AVERAGE(C2:C11) -> 1792.2878 | G2: =AVERAGE(D2:D11) -> 162.1089 | H2: =AVERAGE(E2:E11) -> 163.2819 | I2: =C2/$F$2 -> 1.0357209 | J2: =D2/$G$2 -> 1.01475 | K2: =E2/$H$2 -> 1.0389333 | L2: =I2/K2 -> 0.99690804 | M2: =J2/K2 -> 0.97672293 | R2: =(L2-$L$12)/($N$12-$L$12) -> 1.7788706 | S2: =(M2-$M$12)/($O$12-$M$12) -> 1.7544173
A3: 0.5028 | B3: =A3-$A$12 -> -7.0078 | C3: 1862.207 | D3: 164.357 | E3: 162.361 | I3: =C3/$F$2 -> 1.0390111 | J3: =D3/$G$2 -> 1.0138678 | K3: =E3/$H$2 -> 0.99436006 | L3: =I3/K3 -> 1.0449043 | M3: =J3/K3 -> 1.0196184 | R3: =(L3-$L$12)/($N$12-$L$12) -> 1.8842312 | S3: =(M3-$M$12)/($O$12-$M$12) -> 1.883027
A4: 1.003 | B4: =A4-$A$12 -> -6.5076 | C4: 1820.638 | D4: 167.107 | E4: 160.934 | I4: =C4/$F$2 -> 1.0158179 | J4: =D4/$G$2 -> 1.0308317 | K4: =E4/$H$2 -> 0.98562057 | L4: =I4/K4 -> 1.0306379 | M4: =J4/K4 -> 1.0458708 | R4: =(L4-$L$12)/($N$12-$L$12) -> 1.8529137 | S4: =(M4-$M$12)/($O$12-$M$12) -> 1.961737
A5: 1.5026 | B5: =A5-$A$12 -> -6.008 | C5: 1810.741 | D5: 163.804 | E5: 163.082 | I5: =C5/$F$2 -> 1.0102959 | J5: =D5/$G$2 -> 1.0104566 | K5: =E5/$H$2 -> 0.99877574 | L5: =I5/K5 -> 1.0115343 | M5: =J5/K5 -> 1.0116951 | R5: =(L5-$L$12)/($N$12-$L$12) -> 1.8109778 | S5: =(M5-$M$12)/($O$12-$M$12) -> 1.8592713
A6: 2.0026 | B6: =A6-$A$12 -> -5.508 | C6: 1813.379 | D6: 159.446 | E6: 162.852 | I6: =C6/$F$2 -> 1.0117678 | J6: =D6/$G$2 -> 0.98357339 | K6: =E6/$H$2 -> 0.99736713 | L6: =I6/K6 -> 1.0144386 | M6: =J6/K6 -> 0.98616984 | R6: =(L6-$L$12)/($N$12-$L$12) -> 1.8173534 | S6: =(M6-$M$12)/($O$12-$M$12) -> 1.7827412
A7: 2.5027 | B7: =A7-$A$12 -> -5.0079 | C7: 1770.793 | D7: 157.339 | E7: 163.803 | I7: =C7/$F$2 -> 0.98800706 | J7: =D7/$G$2 -> 0.97057595 | K7: =E7/$H$2 -> 1.0031914 | L7: =I7/K7 -> 0.98486395 | M7: =J7/K7 -> 0.9674883 | R7: =(L7-$L$12)/($N$12-$L$12) -> 1.7524316 | S7: =(M7-$M$12)/($O$12-$M$12) -> 1.72673
A8: 3.0027 | B8: =A8-$A$12 -> -4.5079 | C8: 1779.448 | D8: 163.607 | E8: 163.475 | I8: =C8/$F$2 -> 0.99283608 | J8: =D8/$G$2 -> 1.0092413 | K8: =E8/$H$2 -> 1.0011826 | L8: =I8/K8 -> 0.99166333 | M8: =J8/K8 -> 1.0080492 | R8: =(L8-$L$12)/($N$12-$L$12) -> 1.7673575 | S8: =(M8-$M$12)/($O$12-$M$12) -> 1.84834
A9: 3.5029 | B9: =A9-$A$12 -> -4.0077 | C9: 1747.914 | D9: 162.286 | E9: 167.951 | I9: =C9/$F$2 -> 0.97524181 | J9: =D9/$G$2 -> 1.0010925 | K9: =E9/$H$2 -> 1.0285953 | L9: =I9/K9 -> 0.94812973 | M9: =J9/K9 -> 0.97326173 | R9: =(L9-$L$12)/($N$12-$L$12) -> 1.6717933 | S9: =(M9-$M$12)/($O$12-$M$12) -> 1.7440399
A10: 4.0031 | B10: =A10-$A$12 -> -3.5075 | C10: 1735.172 | D10: 155.357 | E10: 159.656 | I10: =C10/$F$2 -> 0.96813246 | J10: =D10/$G$2 -> 0.9583496 | K10: =E10/$H$2 -> 0.97779362 | L10: =I10/K10 -> 0.99011943 | M10: =J10/K10 -> 0.9801144 | R10: =(L10-$L$12)/($N$12-$L$12) -> 1.7639684 | S10: =(M10-$M$12)/($O$12-$M$12) -> 1.7645856
A11: 4.5025 | B11: =A11-$A$12 -> -3.0081 | C11: 1726.276 | D11: 163.286 | E11: 159.066 | I11: =C11/$F$2 -> 0.96316897 | J11: =D11/$G$2 -> 1.0072612 | K11: =E11/$H$2 -> 0.97418024 | L11: =I11/K11 -> 0.98869689 | M11: =J11/K11 -> 1.0339577 | R11: =(L11-$L$12)/($N$12-$L$12) -> 1.7608456 | S11: =(M11-$M$12)/($O$12-$M$12) -> 1.9260192
A12: 7.5106 | B12: =A12-$A$12 -> 0 | C12: 322.069 | D12: 61.143 | E12: 157.279 | I12: =C12/$F$2 -> 0.17969714 | J12: =D12/$G$2 -> 0.37717238 | K12: =E12/$H$2 -> 0.96323597 | L12: =I12/K12 -> 0.18655568 | M12: =J12/K12 -> 0.391568 | N12: =AVERAGE(L66:L76) -> 0.64209886 | O12: =AVERAGE(M66:M76) -> 0.72510035 | P12: =(N12-L12)/(1-L12) -> 0.56001765 | Q12: =(O12-M12)/(1-M12) -> 0.54818344 | R12: =(L12-$L$12)/($N$12-$L$12) -> 0 | S12: =(M12-$M$12)/($O$12-$M$12) -> 0
A13: 8.0137 | B13: =A13-$A$12 -> 0.5031 | C13: 410.931 | D13: 69.25 | E13: 156.148 | I13: =C13/$F$2 -> 0.22927735 | J13: =D13/$G$2 -> 0.42718197 | K13: =E13/$H$2 -> 0.9563093 | L13: =I13/K13 -> 0.2397523 | M13: =J13/K13 -> 0.44669855 | R13: =(L13-$L$12)/($N$12-$L$12) -> 0.11677623 | S13: =(M13-$M$12)/($O$12-$M$12) -> 0.16529295
A14: 8.5131 | B14: =A14-$A$12 -> 1.0025 | C14: 460.069 | D14: 69.196 | E14: 160.852 | I14: =C14/$F$2 -> 0.25669371 | J14: =D14/$G$2 -> 0.42684887 | K14: =E14/$H$2 -> 0.98511838 | L14: =I14/K14 -> 0.26057143 | M14: =J14/K14 -> 0.43329703 | R14: =(L14-$L$12)/($N$12-$L$12) -> 0.16247802 | S14: =(M14-$M$12)/($O$12-$M$12) -> 0.12511239
A15: 9.0133 | B15: =A15-$A$12 -> 1.5027 | C15: 503.793 | D15: 73.571 | E15: 157.426 | I15: =C15/$F$2 -> 0.28108934 | J15: =D15/$G$2 -> 0.4538369 | K15: =E15/$H$2 -> 0.96413626 | L15: =I15/K15 -> 0.29154525 | M15: =J15/K15 -> 0.47071863 | R15: =(L15-$L$12)/($N$12-$L$12) -> 0.23047116 | S15: =(M15-$M$12)/($O$12-$M$12) -> 0.2373102
A16: 9.5129 | B16: =A16-$A$12 -> 2.0023 | C16: 535.155 | D16: 79.554 | E16: 158.885 | I16: =C16/$F$2 -> 0.29858765 | J16: =D16/$G$2 -> 0.49074418 | K16: =E16/$H$2 -> 0.97307172 | L16: =I16/K16 -> 0.30685061 | M16: =J16/K16 -> 0.50432478 | R16: =(L16-$L$12)/($N$12-$L$12) -> 0.26406921 | S16: =(M16-$M$12)/($O$12-$M$12) -> 0.33806851
A17: 10.0133 | B17: =A17-$A$12 -> 2.5027 | C17: 561.862 | D17: 81.339 | E17: 155.508 | I17: =C17/$F$2 -> 0.31348872 | J17: =D17/$G$2 -> 0.5017553 | K17: =E17/$H$2 -> 0.9523897 | L17: =I17/K17 -> 0.32916013 | M17: =J17/K17 -> 0.52683823 | R17: =(L17-$L$12)/($N$12-$L$12) -> 0.31304266 | S17: =(M17-$M$12)/($O$12-$M$12) -> 0.40556854
A18: 10.5134 | B18: =A18-$A$12 -> 3.0028 | C18: 574.897 | D18: 78.804 | E18: 152.967 | I18: =C18/$F$2 -> 0.32076154 | J18: =D18/$G$2 -> 0.48611767 | K18: =E18/$H$2 -> 0.93682766 | L18: =I18/K18 -> 0.3423912 | M18: =J18/K18 -> 0.51889764 | R18: =(L18-$L$12)/($N$12-$L$12) -> 0.34208726 | S18: =(M18-$M$12)/($O$12-$M$12) -> 0.38176101
A19: 11.0134 | B19: =A19-$A$12 -> 3.5028 | C19: 608.81 | D19: 79.821 | E19: 154.18 | I19: =C19/$F$2 -> 0.33968317 | J19: =D19/$G$2 -> 0.49239123 | K19: =E19/$H$2 -> 0.94425653 | L19: =I19/K19 -> 0.35973611 | M19: =J19/K19 -> 0.52145917 | R19: =(L19-$L$12)/($N$12-$L$12) -> 0.38016249 | S19: =(M19-$M$12)/($O$12-$M$12) -> 0.389441
A20: 11.5134 | B20: =A20-$A$12 -> 4.0028 | C20: 622.483 | D20: 82 | E20: 151.213 | I20: =C20/$F$2 -> 0.34731197 | J20: =D20/$G$2 -> 0.50583281 | K20: =E20/$H$2 -> 0.9260855 | L20: =I20/K20 -> 0.37503229 | M20: =J20/K20 -> 0.5462053 | R20: =(L20-$L$12)/($N$12-$L$12) -> 0.41374039 | S20: =(M20-$M$12)/($O$12-$M$12) -> 0.46363509
A21: 12.0135 | B21: =A21-$A$12 -> 4.5029 | C21: 643.586 | D21: 85.357 | E21: 153.656 | I21: =C21/$F$2 -> 0.3590863 | J21: =D21/$G$2 -> 0.52654111 | K21: =E21/$H$2 -> 0.94104735 | L21: =I21/K21 -> 0.38158154 | M21: =J21/K21 -> 0.55952669 | R21: =(L21-$L$12)/($N$12-$L$12) -> 0.42811719 | S21: =(M21-$M$12)/($O$12-$M$12) -> 0.50357541
A22: 12.5129 | B22: =A22-$A$12 -> 5.0023 | C22: 651.966 | D22: 84.625 | E22: 153.197 | I22: =C22/$F$2 -> 0.36376189 | J22: =D22/$G$2 -> 0.52202563 | K22: =E22/$H$2 -> 0.93823627 | L22: =I22/K22 -> 0.3877082 | M22: =J22/K22 -> 0.55639037 | R22: =(L22-$L$12)/($N$12-$L$12) -> 0.4415663 | S22: =(M22-$M$12)/($O$12-$M$12) -> 0.49417208
A23: 13.0135 | B23: =A23-$A$12 -> 5.5029 | C23: 664.966 | D23: 89 | E23: 154.656 | I23: =C23/$F$2 -> 0.37101519 | J23: =D23/$G$2 -> 0.54901366 | K23: =E23/$H$2 -> 0.94717173 | L23: =I23/K23 -> 0.39170847 | M23: =J23/K23 -> 0.57963476 | R23: =(L23-$L$12)/($N$12-$L$12) -> 0.45034763 | S23: =(M23-$M$12)/($O$12-$M$12) -> 0.56386362
A24: 13.5131 | B24: =A24-$A$12 -> 6.0025 | C24: 676.966 | D24: 86.946 | E24: 148.59 | I24: =C24/$F$2 -> 0.37771054 | J24: =D24/$G$2 -> 0.53634316 | K24: =E24/$H$2 -> 0.91002126 | L24: =I24/K24 -> 0.41505684 | M24: =J24/K24 -> 0.58937432 | R24: =(L24-$L$12)/($N$12-$L$12) -> 0.50160153 | S24: =(M24-$M$12)/($O$12-$M$12) -> 0.59306488
... A76: 39.5133 | B76: =A76-$A$12 -> 32.0027 | C76: 927.483 | D76: 93.571 | E76: 125.918 | I76: =C76/$F$2 -> 0.51748553 | J76: =D76/$G$2 -> 0.57721075 | K76: =E76/$H$2 -> 0.77116937 | L76: =I76/K76 -> 0.67104004 | M76: =J76/K76 -> 0.74848765 | R76: =(L76-$L$12)/($N$12-$L$12) -> 1.0635312 | S76: =(M76-$M$12)/($O$12-$M$12) -> 1.07012

Sheet WS_40kDa_2
A1: Time [s] | B1: Adjusted time [s] | C1: Intensity Region 1 | D1: Intensity Region 2 | E1: Intensity Region 3 | F1: Average Region 1 | G1: Average Region 2 | H1: Average Region 3 | I1: Normalized Region 1 | J1: Normalized Region 2 | K1: Normalized Region 3 | L1: Normalized 2 Region 1 | M1: Normalized 2 Region 2 | R1: R(t) Region 1 | S1: R(t) Region 2
A2: 0 | B2: =A2-$A$12 -> -7.511 | C2: 1898.207 | D2: 263.732 | E2: 217.389 | F2: =AVERAGE(C2:C11) -> 1823.6673 | G2: =AVERAGE(D2:D11) -> 261.3394 | H2: =AVERAGE(E2:E11) -> 213.0592 | I2: =C2/$F$2 -> 1.0408735 | J2: =D2/$G$2 -> 1.0091551 | K2: =E2/$H$2 -> 1.0203221 | L2: =I2/K2 -> 1.0201421 | M2: =J2/K2 -> 0.98905551 | R2: =(L2-$L$12)/($N$12-$L$12) -> 1.3299198 | S2: =(M2-$M$12)/($O$12-$M$12) -> 1.4677104
A3: 0.5031 | B3: =A3-$A$12 -> -7.0079 | C3: 1855.207 | D3: 267.804 | E3: 213.759 | I3: =C3/$F$2 -> 1.0172947 | J3: =D3/$G$2 -> 1.0247364 | K3: =E3/$H$2 -> 1.0032845 | L3: =I3/K3 -> 1.0139643 | M3: =J3/K3 -> 1.0213817 | R3: =(L3-$L$12)/($N$12-$L$12) -> 1.3208291 | S3: =(M3-$M$12)/($O$12-$M$12) -> 1.540117
A4: 1.0027 | B4: =A4-$A$12 -> -6.5083 | C4: 1868.776 | D4: 264 | E4: 217.648 | I4: =C4/$F$2 -> 1.0247352 | J4: =D4/$G$2 -> 1.0101806 | K4: =E4/$H$2 -> 1.0215377 | L4: =I4/K4 -> 1.0031301 | M4: =J4/K4 -> 0.9888824 | R4: =(L4-$L$12)/($N$12-$L$12) -> 1.3048866 | S4: =(M4-$M$12)/($O$12-$M$12) -> 1.4673227
A5: 1.5029 | B5: =A5-$A$12 -> -6.0081 | C5: 1814.052 | D5: 263.786 | E5: 218.852 | I5: =C5/$F$2 -> 0.99472749 | J5: =D5/$G$2 -> 1.0093618 | K5: =E5/$H$2 -> 1.0271887 | L5: =I5/K5 -> 0.96839802 | M5: =J5/K5 -> 0.98264495 | R5: =(L5-$L$12)/($N$12-$L$12) -> 1.2537785 | S5: =(M5-$M$12)/($O$12-$M$12) -> 1.4533516
A6: 2.0023 | B6: =A6-$A$12 -> -5.5087 | C6: 1839.724 | D6: 259.607 | E6: 211.407 | I6: =C6/$F$2 -> 1.0088046 | J6: =D6/$G$2 -> 0.99337107 | K6: =E6/$H$2 -> 0.99224535 | L6: =I6/K6 -> 1.0166887 | M6: =J6/K6 -> 1.0011345 | R6: =(L6-$L$12)/($N$12-$L$12) -> 1.324838 | S6: =(M6-$M$12)/($O$12-$M$12) -> 1.4947659
A7: 2.503 | B7: =A7-$A$12 -> -5.008 | C7: 1820.948 | D7: 259 | E7: 215.259 | I7: =C7/$F$2 -> 0.99850888 | J7: =D7/$G$2 -> 0.99104842 | K7: =E7/$H$2 -> 1.0103248 | L7: =I7/K7 -> 0.9883048 | M7: =J7/K7 -> 0.98092058 | R7: =(L7-$L$12)/($N$12-$L$12) -> 1.2830712 | S7: =(M7-$M$12)/($O$12-$M$12) -> 1.4494892
A8: 3.0024 | B8: =A8-$A$12 -> -4.5086 | C8: 1788.293 | D8: 257.875 | E8: 210.778 | I8: =C8/$F$2 -> 0.98060266 | J8: =D8/$G$2 -> 0.98674368 | K8: =E8/$H$2 -> 0.98929312 | L8: =I8/K8 -> 0.99121549 | M8: =J8/K8 -> 0.99742297 | R8: =(L8-$L$12)/($N$12-$L$12) -> 1.2873543 | S8: =(M8-$M$12)/($O$12-$M$12) -> 1.4864525
A9: 3.5032 | B9: =A9-$A$12 -> -4.0078 | C9: 1794.5 | D9: 257.911 | E9: 211.833 | I9: =C9/$F$2 -> 0.98400624 | J9: =D9/$G$2 -> 0.98688143 | K9: =E9/$H$2 -> 0.99424479 | L9: =I9/K9 -> 0.98970218 | M9: =J9/K9 -> 0.99259401 | R9: =(L9-$L$12)/($N$12-$L$12) -> 1.2851275 | S9: =(M9-$M$12)/($O$12-$M$12) -> 1.4756362
A10: 4.0028 | B10: =A10-$A$12 -> -3.5082 | C10: 1786 | D10: 261.054 | E10: 210.037 | I10: =C10/$F$2 -> 0.9793453 | J10: =D10/$G$2 -> 0.99890793 | K10: =E10/$H$2 -> 0.98581521 | L10: =I10/K10 -> 0.993437 | M10: =J10/K10 -> 1.0132811 | R10: =(L10-$L$12)/($N$12-$L$12) -> 1.2906233 | S10: =(M10-$M$12)/($O$12-$M$12) -> 1.5219728
A11: 4.503 | B11: =A11-$A$12 -> -3.008 | C11: 1770.966 | D11: 258.625 | E11: 203.63 | I11: =C11/$F$2 -> 0.97110147 | J11: =D11/$G$2 -> 0.98961351 | K11: =E11/$H$2 -> 0.95574376 | L11: =I11/K11 -> 1.0160689 | M11: =J11/K11 -> 1.0354381 | R11: =(L11-$L$12)/($N$12-$L$12) -> 1.323926 | S11: =(M11-$M$12)/($O$12-$M$12) -> 1.5716017
A12: 7.511 | B12: =A12-$A$12 -> 0 | C12: 211.931 | D12: 87.125 | E12: 212.796 | I12: =C12/$F$2 -> 0.11621144 | J12: =D12/$G$2 -> 0.33337874 | K12: =E12/$H$2 -> 0.99876466 | L12: =I12/K12 -> 0.11635518 | M12: =J12/K12 -> 0.33379109 | N12: =AVERAGE(L66:L76) -> 0.79593523 | O12: =AVERAGE(M66:M76) -> 0.78024456 | P12: =(N12-L12)/(1-L12) -> 0.76906471 | Q12: =(O12-M12)/(1-M12) -> 0.67014035 | R12: =(L12-$L$12)/($N$12-$L$12) -> 0 | S12: =(M12-$M$12)/($O$12-$M$12) -> 0
A13: 8.0136 | B13: =A13-$A$12 -> 0.5026 | C13: 313.069 | D13: 103.821 | E13: 209.648 | I13: =C13/$F$2 -> 0.17167002 | J13: =D13/$G$2 -> 0.39726501 | K13: =E13/$H$2 -> 0.98398943 | L13: =I13/K13 -> 0.17446328 | M13: =J13/K13 -> 0.40372894 | R13: =(L13-$L$12)/($N$12-$L$12) -> 0.085505894 | S13: =(M13-$M$12)/($O$12-$M$12) -> 0.15665207
A14: 8.5142 | B14: =A14-$A$12 -> 1.0032 | C14: 382.5 | D14: 112 | E14: 204.167 | I14: =C14/$F$2 -> 0.2097422 | J14: =D14/$G$2 -> 0.42856148 | K14: =E14/$H$2 -> 0.95826418 | L14: =I14/K14 -> 0.21887722 | M14: =J14/K14 -> 0.44722686 | R14: =(L14-$L$12)/($N$12-$L$12) -> 0.15086089 | S14: =(M14-$M$12)/($O$12-$M$12) -> 0.25408196
A15: 9.0136 | B15: =A15-$A$12 -> 1.5026 | C15: 422.586 | D15: 116.054 | E15: 205.537 | I15: =C15/$F$2 -> 0.23172319 | J15: =D15/$G$2 -> 0.44407387 | K15: =E15/$H$2 -> 0.96469432 | L15: =I15/K15 -> 0.24020374 | M15: =J15/K15 -> 0.460326 | R15: =(L15-$L$12)/($N$12-$L$12) -> 0.18224279 | S15: =(M15-$M$12)/($O$12-$M$12) -> 0.28342239
A16: 9.5138 | B16: =A16-$A$12 -> 2.0028 | C16: 486.172 | D16: 129.875 | E16: 202.333 | I16: =C16/$F$2 -> 0.26659029 | J16: =D16/$G$2 -> 0.49695913 | K16: =E16/$H$2 -> 0.94965625 | L16: =I16/K16 -> 0.28072294 | M16: =J16/K16 -> 0.52330423 | R16: =(L16-$L$12)/($N$12-$L$12) -> 0.24186667 | S16: =(M16-$M$12)/($O$12-$M$12) -> 0.42448575
A17: 10.0134 | B17: =A17-$A$12 -> 2.5024 | C17: 537.897 | D17: 126.732 | E17: 206.481 | I17: =C17/$F$2 -> 0.29495347 | J17: =D17/$G$2 -> 0.48493262 | K17: =E17/$H$2 -> 0.96912501 | L17: =I17/K17 -> 0.30435028 | M17: =J17/K17 -> 0.5003819 | R17: =(L17-$L$12)/($N$12-$L$12) -> 0.27663423 | S17: =(M17-$M$12)/($O$12-$M$12) -> 0.37314262
A18: 10.5142 | B18: =A18-$A$12 -> 3.0032 | C18: 581.103 | D18: 133.786 | E18: 208.648 | I18: =C18/$F$2 -> 0.31864529 | J18: =D18/$G$2 -> 0.51192434 | K18: =E18/$H$2 -> 0.9792959 | L18: =I18/K18 -> 0.32538204 | M18: =J18/K18 -> 0.52274736 | R18: =(L18-$L$12)/($N$12-$L$12) -> 0.30758239 | S18: =(M18-$M$12)/($O$12-$M$12) -> 0.42323844
A19: 11.0136 | B19: =A19-$A$12 -> 3.5026 | C19: 615.19 | D19: 136.196 | E19: 198.778 | I19: =C19/$F$2 -> 0.33733675 | J19: =D19/$G$2 -> 0.52114607 | K19: =E19/$H$2 -> 0.93297074 | L19: =I19/K19 -> 0.3615727 | M19: =J19/K19 -> 0.55858779 | R19: =(L19-$L$12)/($N$12-$L$12) -> 0.36083685 | S19: =(M19-$M$12)/($O$12-$M$12) -> 0.50351653
A20: 11.5136 | B20: =A20-$A$12 -> 4.0026 | C20: 659.552 | D20: 140.607 | E20: 202.519 | I20: =C20/$F$2 -> 0.36166246 | J20: =D20/$G$2 -> 0.5380245 | K20: =E20/$H$2 -> 0.95052924 | L20: =I20/K20 -> 0.38048536 | M20: =J20/K20 -> 0.56602625 | R20: =(L20-$L$12)/($N$12-$L$12) -> 0.38866677 | S20: =(M20-$M$12)/($O$12-$M$12) -> 0.52017774
A21: 12.0137 | B21: =A21-$A$12 -> 4.5027 | C21: 700.552 | D21: 138.054 | E21: 199.593 | I21: =C21/$F$2 -> 0.38414463 | J21: =D21/$G$2 -> 0.52825559 | K21: =E21/$H$2 -> 0.93679597 | L21: =I21/K21 -> 0.41006221 | M21: =J21/K21 -> 0.5638961 | R21: =(L21-$L$12)/($N$12-$L$12) -> 0.43218902 | S21: =(M21-$M$12)/($O$12-$M$12) -> 0.51540648
A22: 12.5137 | B22: =A22-$A$12 -> 5.0027 | C22: 717.862 | D22: 144.696 | E22: 195.444 | I22: =C22/$F$2 -> 0.39363649 | J22: =D22/$G$2 -> 0.55367082 | K22: =E22/$H$2 -> 0.91732251 | L22: =I22/K22 -> 0.42911461 | M22: =J22/K22 -> 0.6035727 | R22: =(L22-$L$12)/($N$12-$L$12) -> 0.46022457 | S22: =(M22-$M$12)/($O$12-$M$12) -> 0.6042771
A23: 13.0137 | B23: =A23-$A$12 -> 5.5027 | C23: 774.293 | D23: 150.786 | E23: 199.093 | I23: =C23/$F$2 -> 0.42458019 | J23: =D23/$G$2 -> 0.57697385 | K23: =E23/$H$2 -> 0.9344492 | L23: =I23/K23 -> 0.45436411 | M23: =J23/K23 -> 0.61744806 | R23: =(L23-$L$12)/($N$12-$L$12) -> 0.49737913 | S23: =(M23-$M$12)/($O$12-$M$12) -> 0.63535618
A24: 13.5142 | B24: =A24-$A$12 -> 6.0032 | C24: 786.534 | D24: 149.5 | E24: 197.333 | I24: =C24/$F$2 -> 0.43129248 | J24: =D24/$G$2 -> 0.57205305 | K24: =E24/$H$2 -> 0.92618859 | L24: =I24/K24 -> 0.46566378 | M24: =J24/K24 -> 0.61764208 | R24: =(L24-$L$12)/($N$12-$L$12) -> 0.51400656 | S24: =(M24-$M$12)/($O$12-$M$12) -> 0.63579076
... A76: 39.5137 | B76: =A76-$A$12 -> 32.0027 | C76: 1123.207 | D76: 157.232 | E76: 163.056 | I76: =C76/$F$2 -> 0.61590565 | J76: =D76/$G$2 -> 0.60163909 | K76: =E76/$H$2 -> 0.76530842 | L76: =I76/K76 -> 0.80478097 | M76: =J76/K76 -> 0.78613939 | R76: =(L76-$L$12)/($N$12-$L$12) -> 1.0130165 | S76: =(M76-$M$12)/($O$12-$M$12) -> 1.0132037

Sheet WS_40kDa_3
A1: Time [s] | B1: Adjusted time [s] | C1: Intensity Region 1 | D1: Intensity Region 2 | E1: Intensity Region 3 | F1: Average Region 1 | G1: Average Region 2 | H1: Average Region 3 | I1: Normalized Region 1 | J1: Normalized Region 2 | K1: Normalized Region 3 | L1: Normalized 2 Region 1 | M1: Normalized 2 Region 2 | R1: R(t) Region 1 | S1: R(t) Region 2
A2: 0 | B2: =A2-$A$12 -> -11.2116 | C2: 2155.413 | D2: 333.462 | E2: 347 | F2: =AVERAGE(C2:C11) -> 2090.3254 | G2: =AVERAGE(D2:D11) -> 322.38 | H2: =AVERAGE(E2:E11) -> 344.2382 | I2: =C2/$F$2 -> 1.0311375 | J2: =D2/$G$2 -> 1.0343756 | K2: =E2/$H$2 -> 1.0080229 | L2: =I2/K2 -> 1.0229306 | M2: =J2/K2 -> 1.0261429 | R2: =(L2-$L$12)/($N$12-$L$12) -> 1.3874648 | S2: =(M2-$M$12)/($O$12-$M$12) -> 2.2529742
A3: 0.5031 | B3: =A3-$A$12 -> -10.7085 | C3: 2126.762 | D3: 328.2 | E3: 355.691 | I3: =C3/$F$2 -> 1.0174311 | J3: =D3/$G$2 -> 1.0180532 | K3: =E3/$H$2 -> 1.03327 | L3: =I3/K3 -> 0.98467107 | M3: =J3/K3 -> 0.9852732 | R3: =(L3-$L$12)/($N$12-$L$12) -> 1.2985028 | S3: =(M3-$M$12)/($O$12-$M$12) -> 2.1214766
A4: 1.0027 | B4: =A4-$A$12 -> -10.2089 | C4: 2126.222 | D4: 332.415 | E4: 352.327 | I4: =C4/$F$2 -> 1.0171727 | J4: =D4/$G$2 -> 1.0311279 | K4: =E4/$H$2 -> 1.0234977 | L4: =I4/K4 -> 0.99382026 | M4: =J4/K4 -> 1.007455 | R4: =(L4-$L$12)/($N$12-$L$12) -> 1.3197767 | S4: =(M4-$M$12)/($O$12-$M$12) -> 2.1928462
A5: 1.5029 | B5: =A5-$A$12 -> -9.7087 | C5: 2102 | D5: 323.354 | E5: 343.564 | I5: =C5/$F$2 -> 1.0055851 | J5: =D5/$G$2 -> 1.0030213 | K5: =E5/$H$2 -> 0.99804147 | L5: =I5/K5 -> 1.0075584 | M5: =J5/K5 -> 1.0049896 | R5: =(L5-$L$12)/($N$12-$L$12) -> 1.3517209 | S5: =(M5-$M$12)/($O$12-$M$12) -> 2.1849137
A6: 2.0023 | B6: =A6-$A$12 -> -9.2093 | C6: 2096.905 | D6: 317.877 | E6: 351.291 | I6: =C6/$F$2 -> 1.0031476 | J6: =D6/$G$2 -> 0.98603201 | K6: =E6/$H$2 -> 1.0204881 | L6: =I6/K6 -> 0.98300765 | M6: =J6/K6 -> 0.96623564 | R6: =(L6-$L$12)/($N$12-$L$12) -> 1.294635 | S6: =(M6-$M$12)/($O$12-$M$12) -> 2.0602236
A7: 2.503 | B7: =A7-$A$12 -> -8.7086 | C7: 2115.206 | D7: 321.077 | E7: 345.545 | I7: =C7/$F$2 -> 1.0119027 | J7: =D7/$G$2 -> 0.99595819 | K7: =E7/$H$2 -> 1.0037962 | L7: =I7/K7 -> 1.0080759 | M7: =J7/K7 -> 0.99219162 | R7: =(L7-$L$12)/($N$12-$L$12) -> 1.3529242 | S7: =(M7-$M$12)/($O$12-$M$12) -> 2.1437365
A8: 3.0024 | B8: =A8-$A$12 -> -8.2092 | C8: 2068.254 | D8: 323.123 | E8: 340.782 | I8: =C8/$F$2 -> 0.98944117 | J8: =D8/$G$2 -> 1.0023047 | K8: =E8/$H$2 -> 0.98995986 | L8: =I8/K8 -> 0.99947605 | M8: =J8/K8 -> 1.0124701 | R8: =(L8-$L$12)/($N$12-$L$12) -> 1.3329277 | S8: =(M8-$M$12)/($O$12-$M$12) -> 2.2089821
A9: 3.5032 | B9: =A9-$A$12 -> -7.7084 | C9: 2035.238 | D9: 320.892 | E9: 333.709 | I9: =C9/$F$2 -> 0.9736465 | J9: =D9/$G$2 -> 0.99538433 | K9: =E9/$H$2 -> 0.96941304 | L9: =I9/K9 -> 1.004367 | M9: =J9/K9 -> 1.0267907 | R9: =(L9-$L$12)/($N$12-$L$12) -> 1.3443003 | S9: =(M9-$M$12)/($O$12-$M$12) -> 2.2550586
A10: 4.0028 | B10: =A10-$A$12 -> -7.2088 | C10: 2035.619 | D10: 310.092 | E10: 333.255 | I10: =C10/$F$2 -> 0.97382876 | J10: =D10/$G$2 -> 0.96188349 | K10: =E10/$H$2 -> 0.96809419 | L10: =I10/K10 -> 1.0059236 | M10: =J10/K10 -> 0.99358462 | R10: =(L10-$L$12)/($N$12-$L$12) -> 1.3479196 | S10: =(M10-$M$12)/($O$12-$M$12) -> 2.1482185
A11: 4.503 | B11: =A11-$A$12 -> -6.7086 | C11: 2041.635 | D11: 313.308 | E11: 339.218 | I11: =C11/$F$2 -> 0.97670678 | J11: =D11/$G$2 -> 0.9718593 | K11: =E11/$H$2 -> 0.98541649 | L11: =I11/K11 -> 0.99116139 | M11: =J11/K11 -> 0.98624217 | R11: =(L11-$L$12)/($N$12-$L$12) -> 1.3135943 | S11: =(M11-$M$12)/($O$12-$M$12) -> 2.1245942
A12: 11.2116 | B12: =A12-$A$12 -> 0 | C12: 837.54 | D12: 98.769 | E12: 323.6 | I12: =C12/$F$2 -> 0.40067446 | J12: =D12/$G$2 -> 0.30637446 | K12: =E12/$H$2 -> 0.94004675 | L12: =I12/K12 -> 0.42622823 | M12: =J12/K12 -> 0.32591407 | N12: =AVERAGE(L66:L76) -> 0.85629494 | O12: =AVERAGE(M66:M76) -> 0.63671605 | P12: =(N12-L12)/(1-L12) -> 0.74954316 | Q12: =(O12-M12)/(1-M12) -> 0.46107175 | R12: =(L12-$L$12)/($N$12-$L$12) -> 0 | S12: =(M12-$M$12)/($O$12-$M$12) -> 0
A13: 11.7141 | B13: =A13-$A$12 -> 0.5025 | C13: 903.619 | D13: 108.354 | E13: 326.655 | I13: =C13/$F$2 -> 0.43228628 | J13: =D13/$G$2 -> 0.33610646 | K13: =E13/$H$2 -> 0.94892142 | L13: =I13/K13 -> 0.45555541 | M13: =J13/K13 -> 0.35419841 | R13: =(L13-$L$12)/($N$12-$L$12) -> 0.068192168 | S13: =(M13-$M$12)/($O$12-$M$12) -> 0.091004369
A14: 12.2147 | B14: =A14-$A$12 -> 1.0031 | C14: 952.079 | D14: 118.538 | E14: 338.382 | I14: =C14/$F$2 -> 0.45546928 | J14: =D14/$G$2 -> 0.36769651 | K14: =E14/$H$2 -> 0.98298794 | L14: =I14/K14 -> 0.46335185 | M14: =J14/K14 -> 0.37406004 | R14: =(L14-$L$12)/($N$12-$L$12) -> 0.086320602 | S14: =(M14-$M$12)/($O$12-$M$12) -> 0.15490881
A15: 12.714 | B15: =A15-$A$12 -> 1.5024 | C15: 1006.841 | D15: 121.769 | E15: 327.8 | I15: =C15/$F$2 -> 0.48166711 | J15: =D15/$G$2 -> 0.37771884 | K15: =E15/$H$2 -> 0.9522476 | L15: =I15/K15 -> 0.50582129 | M15: =J15/K15 -> 0.39666032 | R15: =(L15-$L$12)/($N$12-$L$12) -> 0.18507144 | S15: =(M15-$M$12)/($O$12-$M$12) -> 0.22762484
A16: 13.2148 | B16: =A16-$A$12 -> 2.0032 | C16: 1057.762 | D16: 121.308 | E16: 325.218 | I16: =C16/$F$2 -> 0.50602743 | J16: =D16/$G$2 -> 0.37628885 | K16: =E16/$H$2 -> 0.94474698 | L16: =I16/K16 -> 0.53562218 | M16: =J16/K16 -> 0.3982959 | R16: =(L16-$L$12)/($N$12-$L$12) -> 0.25436507 | S16: =(M16-$M$12)/($O$12-$M$12) -> 0.23288729
A17: 13.714 | B17: =A17-$A$12 -> 2.5024 | C17: 1071.222 | D17: 126.985 | E17: 320.418 | I17: =C17/$F$2 -> 0.51246662 | J17: =D17/$G$2 -> 0.3938985 | K17: =E17/$H$2 -> 0.93080315 | L17: =I17/K17 -> 0.55056391 | M17: =J17/K17 -> 0.42318132 | R17: =(L17-$L$12)/($N$12-$L$12) -> 0.2891079 | S17: =(M17-$M$12)/($O$12-$M$12) -> 0.31295569
A18: 14.2142 | B18: =A18-$A$12 -> 3.0026 | C18: 1103.587 | D18: 129.662 | E18: 325.582 | I18: =C18/$F$2 -> 0.52794986 | J18: =D18/$G$2 -> 0.40220237 | K18: =E18/$H$2 -> 0.94580439 | L18: =I18/K18 -> 0.55820196 | M18: =J18/K18 -> 0.425249 | R18: =(L18-$L$12)/($N$12-$L$12) -> 0.30686804 | S18: =(M18-$M$12)/($O$12-$M$12) -> 0.31960841
A19: 14.7142 | B19: =A19-$A$12 -> 3.5026 | C19: 1111.952 | D19: 136.892 | E19: 326.091 | I19: =C19/$F$2 -> 0.53195163 | J19: =D19/$G$2 -> 0.42462932 | K19: =E19/$H$2 -> 0.94728302 | L19: =I19/K19 -> 0.56155512 | M19: =J19/K19 -> 0.44826025 | R19: =(L19-$L$12)/($N$12-$L$12) -> 0.31466489 | S19: =(M19-$M$12)/($O$12-$M$12) -> 0.39364671
A20: 15.2143 | B20: =A20-$A$12 -> 4.0027 | C20: 1131.032 | D20: 136.492 | E20: 318.036 | I20: =C20/$F$2 -> 0.54107939 | J20: =D20/$G$2 -> 0.42338855 | K20: =E20/$H$2 -> 0.92388352 | L20: =I20/K20 -> 0.58565759 | M20: =J20/K20 -> 0.45827048 | R20: =(L20-$L$12)/($N$12-$L$12) -> 0.37070844 | S20: =(M20-$M$12)/($O$12-$M$12) -> 0.42585447
A21: 15.7145 | B21: =A21-$A$12 -> 4.5029 | C21: 1174.524 | D21: 136.185 | E21: 320.945 | I21: =C21/$F$2 -> 0.56188572 | J21: =D21/$G$2 -> 0.42243626 | K21: =E21/$H$2 -> 0.93233406 | L21: =I21/K21 -> 0.60266566 | M21: =J21/K21 -> 0.45309538 | R21: =(L21-$L$12)/($N$12-$L$12) -> 0.41025596 | S21: =(M21-$M$12)/($O$12-$M$12) -> 0.40920365
A22: 16.2147 | B22: =A22-$A$12 -> 5.0031 | C22: 1195.524 | D22: 134.154 | E22: 323.327 | I22: =C22/$F$2 -> 0.57193201 | J22: =D22/$G$2 -> 0.41613624 | K22: =E22/$H$2 -> 0.93925369 | L22: =I22/K22 -> 0.60892176 | M22: =J22/K22 -> 0.44304988 | R22: =(L22-$L$12)/($N$12-$L$12) -> 0.42480276 | S22: =(M22-$M$12)/($O$12-$M$12) -> 0.37688244
A23: 16.7141 | B23: =A23-$A$12 -> 5.5025 | C23: 1202.429 | D23: 139.969 | E23: 323.618 | I23: =C23/$F$2 -> 0.57523532 | J23: =D23/$G$2 -> 0.43417396 | K23: =E23/$H$2 -> 0.94009904 | L23: =I23/K23 -> 0.611888 | M23: =J23/K23 -> 0.46183853 | R23: =(L23-$L$12)/($N$12-$L$12) -> 0.43169994 | S23: =(M23-$M$12)/($O$12-$M$12) -> 0.43733459
A24: 17.2147 | B24: =A24-$A$12 -> 6.0031 | C24: 1217.587 | D24: 144.169 | E24: 305.945 | I24: =C24/$F$2 -> 0.58248682 | J24: =D24/$G$2 -> 0.44720206 | K24: =E24/$H$2 -> 0.88875959 | L24: =I24/K24 -> 0.65539301 | M24: =J24/K24 -> 0.50317551 | R24: =(L24-$L$12)/($N$12-$L$12) -> 0.53285869 | S24: =(M24-$M$12)/($O$12-$M$12) -> 0.57033562
... A76: 43.2144 | B76: =A76-$A$12 -> 32.0028 | C76: 1486.397 | D76: 169.292 | E76: 284.836 | I76: =C76/$F$2 -> 0.71108403 | J76: =D76/$G$2 -> 0.52513183 | K76: =E76/$H$2 -> 0.82743867 | L76: =I76/K76 -> 0.85937973 | M76: =J76/K76 -> 0.63464743 | R76: =(L76-$L$12)/($N$12-$L$12) -> 1.0071728 | S76: =(M76-$M$12)/($O$12-$M$12) -> 0.99334426
